x,y,elevation,banking,w_tr_right_m,w_tr_left_m
-0.223388,2.075766,0.0,0.0,6.687,6.853
-2.88667,6.305903,0.0,0.0,6.693,6.848
-5.548591,10.536881,0.0,0.0,6.698,6.843
-8.209217,14.768659,0.0,0.0,6.704,6.839
-10.868613,19.001196,0.0,0.0,6.709,6.834
-13.526846,23.234451,0.0,0.0,6.715,6.829
-16.183983,27.468382,0.0,0.0,6.72,6.825
-18.840089,31.702949,0.0,0.0,6.725,6.82
-21.49523,35.938109,0.0,0.0,6.731,6.815
-24.149473,40.173823,0.0,0.0,6.736,6.811
-26.802885,44.410049,0.0,0.0,6.742,6.806
-29.45553,48.646745,0.0,0.0,6.747,6.801
-32.107475,52.883872,0.0,0.0,6.753,6.797
-34.758786,57.121386,0.0,0.0,6.758,6.792
-37.409531,61.359249,0.0,0.0,6.763,6.787
-40.059773,65.597417,0.0,0.0,6.769,6.783
-42.709581,69.835851,0.0,0.0,6.774,6.778
-45.35902,74.074509,0.0,0.0,6.78,6.773
-48.008155,78.313349,0.0,0.0,6.785,6.769
-50.657054,82.552332,0.0,0.0,6.791,6.764
-53.305783,86.791415,0.0,0.0,6.796,6.759
-55.954407,91.030557,0.0,0.0,6.802,6.755
-58.602993,95.269718,0.0,0.0,6.807,6.75
-61.251607,99.508857,0.0,0.0,6.812,6.745
-63.900315,103.747931,0.0,0.0,6.818,6.741
-66.549183,107.9869,0.0,0.0,6.822,6.742
-69.198278,112.225723,0.0,0.0,6.825,6.748
-71.847666,116.464359,0.0,0.0,6.829,6.754
-74.497412,120.702766,0.0,0.0,6.832,6.76
-77.147583,124.940904,0.0,0.0,6.835,6.765
-79.798245,129.178731,0.0,0.0,6.838,6.771
-82.449465,133.416206,0.0,0.0,6.842,6.777
-85.101307,137.653289,0.0,0.0,6.845,6.783
-87.75384,141.889937,0.0,0.0,6.848,6.789
-90.407128,146.12611,0.0,0.0,6.852,6.795
-93.061238,150.361767,0.0,0.0,6.855,6.8
-95.716236,154.596866,0.0,0.0,6.858,6.806
-98.372189,158.831366,0.0,0.0,6.861,6.812
-101.029161,163.065227,0.0,0.0,6.865,6.818
-103.687196,167.298423,0.0,0.0,6.868,6.824
-106.346219,171.531004,0.0,0.0,6.871,6.829
-109.006118,175.763043,0.0,0.0,6.875,6.835
-111.666784,179.994615,0.0,0.0,6.878,6.841
-114.328108,184.225791,0.0,0.0,6.881,6.847
-116.989978,188.456645,0.0,0.0,6.884,6.853
-119.652285,192.68725,0.0,0.0,6.888,6.859
-122.31492,196.91768,0.0,0.0,6.891,6.864
-124.977771,201.148008,0.0,0.0,6.894,6.87
-127.640729,205.378306,0.0,0.0,6.898,6.876
-130.303683,209.608648,0.0,0.0,6.901,6.882
-132.966525,213.839108,0.0,0.0,6.904,6.888
-135.629143,218.069758,0.0,0.0,6.907,6.893
-138.291427,222.300671,0.0,0.0,6.911,6.899
-140.953268,226.531921,0.0,0.0,6.914,6.905
-143.614556,230.763581,0.0,0.0,6.917,6.911
-146.27518,234.995724,0.0,0.0,6.921,6.917
-148.935031,239.228423,0.0,0.0,6.924,6.923
-151.593997,243.461751,0.0,0.0,6.927,6.928
-154.251971,247.695783,0.0,0.0,6.93,6.934
-156.90884,251.93059,0.0,0.0,6.934,6.94
-159.564495,256.166245,0.0,0.0,6.937,6.946
-162.218453,260.403001,0.0,0.0,6.94,6.952
-164.868435,264.641958,0.0,0.0,6.944,6.958
-167.511624,268.884474,0.0,0.0,6.947,6.963
-170.145205,273.131907,0.0,0.0,6.943,6.964
-172.766361,277.385614,0.0,0.0,6.936,6.962
-175.372396,281.646895,0.0,0.0,6.928,6.959
-177.967414,285.913829,0.0,0.0,6.921,6.957
-180.565892,290.179577,0.0,0.0,6.914,6.955
-183.183182,294.436888,0.0,0.0,6.906,6.952
-185.834633,298.67851,0.0,0.0,6.899,6.95
-188.535594,302.897192,0.0,0.0,6.891,6.948
-191.285772,307.093652,0.0,0.0,6.884,6.945
-193.943862,311.34044,0.0,0.0,6.877,6.943
-196.293844,315.748165,0.0,0.0,6.849,7.026
-198.10043,320.393967,0.0,0.0,6.707,7.606
-199.039419,325.193187,0.0,0.0,6.647,7.229
-198.760494,330.01283,0.0,0.0,6.654,6.326
-197.110146,334.714672,0.0,0.0,6.676,6.604
-194.4405,339.147093,0.0,0.0,6.494,6.606
-191.172018,343.143369,0.0,0.0,6.408,7.569
-187.186341,345.857194,0.0,0.0,6.825,8.27
-182.489413,345.818403,0.0,0.0,7.324,8.571
-177.765157,344.534279,0.0,0.0,7.9,8.488
-173.100311,342.922055,0.0,0.0,7.963,8.461
-168.481499,341.062327,0.0,0.0,7.967,8.44
-163.895343,339.035686,0.0,0.0,7.972,8.42
-159.328467,336.922726,0.0,0.0,7.976,8.4
-154.76762,334.803172,0.0,0.0,7.981,8.379
-150.204807,332.721111,0.0,0.0,7.985,8.359
-145.639017,330.673243,0.0,0.0,7.989,8.338
-141.069721,328.652988,0.0,0.0,7.994,8.318
-136.496393,326.653766,0.0,0.0,7.998,8.297
-131.918503,324.668997,0.0,0.0,8.002,8.277
-127.335701,322.692391,0.0,0.0,8.007,8.256
-122.748972,320.719866,0.0,0.0,8.011,8.236
-118.159918,318.748351,0.0,0.0,8.015,8.216
-113.570145,316.774783,0.0,0.0,8.02,8.195
-108.981256,314.796098,0.0,0.0,8.024,8.175
-104.394856,312.809231,0.0,0.0,8.029,8.154
-99.812549,310.811119,0.0,0.0,8.033,8.134
-95.235941,308.798697,0.0,0.0,8.037,8.113
-90.666637,306.768902,0.0,0.0,8.042,8.093
-86.10624,304.718669,0.0,0.0,8.046,8.073
-81.556355,302.644935,0.0,0.0,7.91,7.963
-77.018407,300.545065,0.0,0.0,7.638,7.766
-72.493072,298.418192,0.0,0.0,7.366,7.57
-67.980839,296.263902,0.0,0.0,7.094,7.373
-63.482194,294.081781,0.0,0.0,6.822,7.177
-58.997625,291.871416,0.0,0.0,6.55,6.981
-54.527619,289.632391,0.0,0.0,6.279,6.784
-50.072663,287.364294,0.0,0.0,6.129,6.596
-45.633244,285.066709,0.0,0.0,6.024,6.41
-41.209851,282.739224,0.0,0.0,5.919,6.224
-36.802969,280.381423,0.0,0.0,5.814,6.039
-32.413086,277.992894,0.0,0.0,5.734,5.881
-28.04069,275.573221,0.0,0.0,5.734,5.809
-23.686267,273.121992,0.0,0.0,5.733,5.738
-19.350305,270.638791,0.0,0.0,5.732,5.666
-15.033291,268.123205,0.0,0.0,5.732,5.595
-10.735713,265.57482,0.0,0.0,5.701,5.555
-6.458057,262.993223,0.0,0.0,5.622,5.564
-2.20081,260.377998,0.0,0.0,5.543,5.574
2.035539,257.728732,0.0,0.0,5.465,5.584
6.250504,255.04501,0.0,0.0,5.386,5.594
10.443598,252.32642,0.0,0.0,5.3,5.567
14.614348,249.572572,0.0,0.0,5.209,5.515
18.762881,246.784115,0.0,0.0,5.118,5.464
22.890123,243.963076,0.0,0.0,5.026,5.413
26.997055,241.111577,0.0,0.0,4.935,5.361
31.084655,238.231741,0.0,0.0,4.844,5.31
35.153904,235.325689,0.0,0.0,4.765,5.232
39.205782,232.395544,0.0,0.0,4.749,5.005
43.24127,229.443428,0.0,0.0,4.733,4.778
47.261347,226.471462,0.0,0.0,4.718,4.551
51.266993,223.48177,0.0,0.0,4.739,4.459
55.259189,220.476473,0.0,0.0,4.828,4.611
59.238922,217.457698,0.0,0.0,4.916,4.764
63.208871,214.428469,0.0,0.0,4.976,4.913
67.175583,211.393869,0.0,0.0,4.956,5.054
71.145738,208.358841,0.0,0.0,4.936,5.194
75.109553,205.311118,0.0,0.0,4.9,5.282
79.035395,202.215583,0.0,0.0,4.809,5.188
82.891651,199.037298,0.0,0.0,4.719,5.093
86.670385,195.7685,0.0,0.0,4.629,4.998
90.382277,192.422798,0.0,0.0,4.538,4.904
94.038209,189.01409,0.0,0.0,4.509,4.864
97.646766,185.5541,0.0,0.0,4.534,4.87
101.215443,182.053478,0.0,0.0,4.558,4.877
104.750006,178.519797,0.0,0.0,4.582,4.884
108.253948,174.956552,0.0,0.0,4.607,4.891
111.7306,171.366959,0.0,0.0,4.631,4.898
115.183296,167.754234,0.0,0.0,4.655,4.905
118.61537,164.12159,0.0,0.0,4.661,4.901
122.030156,160.472244,0.0,0.0,4.667,4.897
125.430985,156.809411,0.0,0.0,4.674,4.893
128.821192,153.136305,0.0,0.0,4.68,4.89
132.204111,149.456143,0.0,0.0,4.686,4.886
135.583074,145.77214,0.0,0.0,4.692,4.882
138.96141,142.087506,0.0,0.0,4.698,4.878
142.341424,138.404468,0.0,0.0,4.705,4.874
145.723083,134.723008,0.0,0.0,4.711,4.871
149.106033,131.042797,0.0,0.0,4.717,4.867
152.489916,127.363504,0.0,0.0,4.723,4.863
155.874378,123.6848,0.0,0.0,4.729,4.859
159.259063,120.006356,0.0,0.0,4.736,4.855
162.643613,116.327842,0.0,0.0,4.742,4.852
166.027675,112.648929,0.0,0.0,4.748,4.848
169.410891,108.969286,0.0,0.0,4.754,4.844
172.792906,105.288586,0.0,0.0,4.76,4.84
176.173369,101.606501,0.0,0.0,4.767,4.837
179.55212,97.922881,0.0,0.0,4.773,4.833
182.929253,94.237807,0.0,0.0,4.779,4.829
186.304877,90.551373,0.0,0.0,4.785,4.826
189.679106,86.863676,0.0,0.0,4.79,4.824
193.052049,83.174811,0.0,0.0,4.795,4.822
196.423817,79.484874,0.0,0.0,4.801,4.821
199.794522,75.793961,0.0,0.0,4.806,4.819
203.164275,72.102167,0.0,0.0,4.811,4.817
206.533186,68.409589,0.0,0.0,4.817,4.815
209.901367,64.716321,0.0,0.0,4.822,4.813
213.268928,61.02246,0.0,0.0,4.827,4.812
216.635981,57.328102,0.0,0.0,4.832,4.81
220.002637,53.633342,0.0,0.0,4.838,4.808
223.369007,49.938275,0.0,0.0,4.843,4.806
226.735202,46.242999,0.0,0.0,4.848,4.804
230.101332,42.547608,0.0,0.0,4.854,4.803
233.467509,38.852198,0.0,0.0,4.859,4.801
236.833844,35.156865,0.0,0.0,4.864,4.799
240.200448,31.461705,0.0,0.0,4.869,4.797
243.567432,27.766813,0.0,0.0,4.875,4.795
246.934907,24.072285,0.0,0.0,4.88,4.794
250.302984,20.378219,0.0,0.0,4.885,4.792
253.671791,16.684755,0.0,0.0,4.891,4.79
257.041473,12.992094,0.0,0.0,4.896,4.788
260.412179,9.30044,0.0,0.0,4.901,4.786
263.784058,5.61,0.0,0.0,4.906,4.785
267.157258,1.920977,0.0,0.0,4.912,4.783
270.531927,-1.766424,0.0,0.0,4.917,4.781
273.908214,-5.451998,0.0,0.0,4.922,4.779
277.286266,-9.135541,0.0,0.0,4.928,4.777
280.666232,-12.816847,0.0,0.0,4.933,4.776
284.048261,-16.495713,0.0,0.0,4.938,4.774
287.432813,-20.171664,0.0,0.0,4.912,4.786
290.825175,-23.840087,0.0,0.0,4.875,4.804
294.23442,-27.493121,0.0,0.0,4.838,4.821
297.669722,-31.122816,0.0,0.0,4.801,4.839
301.140254,-34.721223,0.0,0.0,4.764,4.856
304.655191,-38.280392,0.0,0.0,4.766,4.783
308.227066,-41.785767,0.0,0.0,4.886,4.437
311.882136,-45.195784,0.0,0.0,4.977,4.113
315.650167,-48.461973,0.0,0.0,4.591,4.144
319.560927,-51.535867,0.0,0.0,4.204,4.175
323.644182,-54.368996,0.0,0.0,4.329,4.193
327.921741,-56.9245,0.0,0.0,4.498,4.209
332.355417,-59.253052,0.0,0.0,4.667,4.226
336.879661,-61.445242,0.0,0.0,4.71,4.31
341.428783,-63.591867,0.0,0.0,4.586,4.484
345.937092,-65.783721,0.0,0.0,4.462,4.658
350.339098,-68.111367,0.0,0.0,4.339,4.833
354.614559,-70.611707,0.0,0.0,4.378,4.752
358.845902,-73.199899,0.0,0.0,4.459,4.607
363.127608,-75.776447,0.0,0.0,4.539,4.463
367.469239,-78.327853,0.0,0.0,4.62,4.318
371.768308,-80.954098,0.0,0.0,4.576,4.355
375.918792,-83.758686,0.0,0.0,4.487,4.459
379.877993,-86.780085,0.0,0.0,4.333,4.633
383.652723,-90.005917,0.0,0.0,4.1,4.892
387.251114,-93.42245,0.0,0.0,4.308,4.695
390.681295,-97.01595,0.0,0.0,4.508,4.506
393.951399,-100.772686,0.0,0.0,4.455,4.576
397.068689,-104.678331,0.0,0.0,4.419,4.638
400.036902,-108.71615,0.0,0.0,4.522,4.635
402.858882,-112.868798,0.0,0.0,4.625,4.632
405.537471,-117.118926,0.0,0.0,4.635,4.649
408.075513,-121.44919,0.0,0.0,4.546,4.687
410.475746,-125.843524,0.0,0.0,4.457,4.724
412.740136,-130.295477,0.0,0.0,4.374,4.758
414.870297,-134.80296,0.0,0.0,4.314,4.778
416.867843,-139.363906,0.0,0.0,4.254,4.799
418.734384,-143.976248,0.0,0.0,4.194,4.819
420.471534,-148.637917,0.0,0.0,4.155,4.793
422.080904,-153.346848,0.0,0.0,4.161,4.669
423.564108,-158.100972,0.0,0.0,4.167,4.546
424.922757,-162.898223,0.0,0.0,4.173,4.423
426.158463,-167.736532,0.0,0.0,4.18,4.315
427.27284,-172.613833,0.0,0.0,4.201,4.301
428.268706,-177.527719,0.0,0.0,4.221,4.286
429.167156,-182.470632,0.0,0.0,4.241,4.272
430.003485,-187.431016,0.0,0.0,4.261,4.258
430.813356,-192.39721,0.0,0.0,4.276,4.342
431.632435,-197.357552,0.0,0.0,4.285,4.525
432.496387,-202.300381,0.0,0.0,4.29,4.658
433.440877,-207.214034,0.0,0.0,4.27,4.524
434.50157,-212.086851,0.0,0.0,4.251,4.39
435.71413,-216.907171,0.0,0.0,4.238,4.245
437.114223,-221.663331,0.0,0.0,4.24,4.075
438.737514,-226.34367,0.0,0.0,4.248,3.951
440.613596,-230.938023,0.0,0.0,4.264,3.888
442.726829,-235.447375,0.0,0.0,4.515,3.902
445.041147,-239.877744,0.0,0.0,4.636,3.968
447.520385,-244.235174,0.0,0.0,4.508,4.103
450.128381,-248.525708,0.0,0.0,4.38,4.239
452.828999,-252.755395,0.0,0.0,4.29,4.298
455.592776,-256.931744,0.0,0.0,4.209,4.34
458.40523,-261.065539,0.0,0.0,4.128,4.382
461.253919,-265.16801,0.0,0.0,4.108,4.38
464.126402,-269.250386,0.0,0.0,4.128,4.349
467.010236,-273.323898,0.0,0.0,4.148,4.319
469.893447,-277.39935,0.0,0.0,4.168,4.288
472.771081,-281.481109,0.0,0.0,4.187,4.257
475.643627,-285.568556,0.0,0.0,4.207,4.226
478.511712,-289.660945,0.0,0.0,4.227,4.195
481.375967,-293.757527,0.0,0.0,4.246,4.164
484.237021,-297.857556,0.0,0.0,4.266,4.134
487.095502,-301.960283,0.0,0.0,4.278,4.125
489.952039,-306.064961,0.0,0.0,4.284,4.135
492.807262,-310.170842,0.0,0.0,4.29,4.146
495.6618,-314.277179,0.0,0.0,4.296,4.157
498.516282,-318.383223,0.0,0.0,4.301,4.168
501.371284,-322.488297,0.0,0.0,4.307,4.179
504.226985,-326.592234,0.0,0.0,4.313,4.19
507.083384,-330.695099,0.0,0.0,4.318,4.2
509.940483,-334.796958,0.0,0.0,4.324,4.211
512.798278,-338.897878,0.0,0.0,4.33,4.222
515.656771,-342.997923,0.0,0.0,4.335,4.233
518.515961,-347.09716,0.0,0.0,4.341,4.244
521.375846,-351.195656,0.0,0.0,4.347,4.255
524.236426,-355.293475,0.0,0.0,4.352,4.266
527.097701,-359.390685,0.0,0.0,4.358,4.276
529.95967,-363.487352,0.0,0.0,4.364,4.287
532.822331,-367.583541,0.0,0.0,4.369,4.298
535.685686,-371.679318,0.0,0.0,4.375,4.309
538.549732,-375.774749,0.0,0.0,4.381,4.32
541.414469,-379.869902,0.0,0.0,4.387,4.331
544.279897,-383.96484,0.0,0.0,4.392,4.342
547.146015,-388.059632,0.0,0.0,4.398,4.352
550.012822,-392.154342,0.0,0.0,4.404,4.363
552.880317,-396.249036,0.0,0.0,4.409,4.374
555.748501,-400.343782,0.0,0.0,4.415,4.385
558.617371,-404.438644,0.0,0.0,4.421,4.396
561.486926,-408.53369,0.0,0.0,4.426,4.407
564.356693,-412.62921,0.0,0.0,4.424,4.415
567.225144,-416.725993,0.0,0.0,4.403,4.416
570.090607,-420.824897,0.0,0.0,4.383,4.417
572.951411,-424.92678,0.0,0.0,4.363,4.419
575.805885,-429.032499,0.0,0.0,4.343,4.42
578.652358,-433.142912,0.0,0.0,4.322,4.422
581.489157,-437.258878,0.0,0.0,4.302,4.423
584.314613,-441.381253,0.0,0.0,4.282,4.424
587.127053,-445.510895,0.0,0.0,4.262,4.426
589.924806,-449.648663,0.0,0.0,4.241,4.427
592.706202,-453.795413,0.0,0.0,4.221,4.429
595.468107,-457.95312,0.0,0.0,4.182,4.548
598.201518,-462.12825,0.0,0.0,4.134,4.721
600.895951,-466.328397,0.0,0.0,4.13,4.795
603.540924,-470.561158,0.0,0.0,4.2,4.693
606.125953,-474.834128,0.0,0.0,4.271,4.591
608.640655,-479.15478,0.0,0.0,4.342,4.489
611.07848,-483.525827,0.0,0.0,4.408,4.434
613.437881,-487.943765,0.0,0.0,4.469,4.425
615.717649,-492.404675,0.0,0.0,4.531,4.417
617.916575,-496.904638,0.0,0.0,4.592,4.409
620.03346,-501.439734,0.0,0.0,4.654,4.4
622.06938,-506.006403,0.0,0.0,4.533,4.504
624.030506,-510.601881,0.0,0.0,4.403,4.613
625.923705,-515.223513,0.0,0.0,4.274,4.721
627.755839,-519.868644,0.0,0.0,4.145,4.83
629.533775,-524.53462,0.0,0.0,4.087,4.873
631.264377,-529.218786,0.0,0.0,4.18,4.778
632.95451,-533.918487,0.0,0.0,4.273,4.684
634.611038,-538.631068,0.0,0.0,4.365,4.59
636.240826,-543.353874,0.0,0.0,4.44,4.522
637.85074,-548.084252,0.0,0.0,4.459,4.536
639.447643,-552.819545,0.0,0.0,4.478,4.55
641.037365,-557.557502,0.0,0.0,4.497,4.564
642.621581,-562.29749,0.0,0.0,4.516,4.578
644.200922,-567.03928,0.0,0.0,4.535,4.592
645.776021,-571.782643,0.0,0.0,4.554,4.605
647.347512,-576.527352,0.0,0.0,4.573,4.619
648.916025,-581.273177,0.0,0.0,4.592,4.633
650.482194,-586.01989,0.0,0.0,4.611,4.647
652.046651,-590.767263,0.0,0.0,4.63,4.661
653.610028,-595.515068,0.0,0.0,4.649,4.675
655.172959,-600.263076,0.0,0.0,4.668,4.689
656.736073,-605.011059,0.0,0.0,4.687,4.703
658.299819,-609.758855,0.0,0.0,4.706,4.716
659.864228,-614.506451,0.0,0.0,4.725,4.73
661.429275,-619.253854,0.0,0.0,4.737,4.739
662.994936,-624.001071,0.0,0.0,4.74,4.742
664.561187,-628.74811,0.0,0.0,4.743,4.745
666.128004,-633.494977,0.0,0.0,4.746,4.748
667.695362,-638.241678,0.0,0.0,4.75,4.751
669.263238,-642.988222,0.0,0.0,4.753,4.754
670.831606,-647.734615,0.0,0.0,4.756,4.757
672.400443,-652.480865,0.0,0.0,4.759,4.76
673.969724,-657.226977,0.0,0.0,4.762,4.763
675.539425,-661.972959,0.0,0.0,4.765,4.766
677.109522,-666.718819,0.0,0.0,4.768,4.769
678.67999,-671.464563,0.0,0.0,4.771,4.772
680.250806,-676.210198,0.0,0.0,4.774,4.775
681.821944,-680.955731,0.0,0.0,4.777,4.778
683.393381,-685.701169,0.0,0.0,4.78,4.781
684.965092,-690.44652,0.0,0.0,4.784,4.784
686.537053,-695.191789,0.0,0.0,4.787,4.787
688.10924,-699.936985,0.0,0.0,4.79,4.79
689.681628,-704.682114,0.0,0.0,4.793,4.793
691.254193,-709.427183,0.0,0.0,4.796,4.796
692.826912,-714.1722,0.0,0.0,4.799,4.799
694.399759,-718.91717,0.0,0.0,4.802,4.802
695.97271,-723.662102,0.0,0.0,4.805,4.805
697.545741,-728.407002,0.0,0.0,4.808,4.808
699.118828,-733.151877,0.0,0.0,4.811,4.811
700.691947,-737.896734,0.0,0.0,4.815,4.814
702.265073,-742.64158,0.0,0.0,4.818,4.817
703.838181,-747.386423,0.0,0.0,4.821,4.82
705.411249,-752.131269,0.0,0.0,4.824,4.823
706.98425,-756.876125,0.0,0.0,4.827,4.826
708.557162,-761.620998,0.0,0.0,4.83,4.829
710.12996,-766.365896,0.0,0.0,4.833,4.832
711.702618,-771.110824,0.0,0.0,4.836,4.835
713.275115,-775.855791,0.0,0.0,4.839,4.838
714.847424,-780.600803,0.0,0.0,4.842,4.841
716.419522,-785.345867,0.0,0.0,4.846,4.844
717.991384,-790.090991,0.0,0.0,4.849,4.847
719.562986,-794.836181,0.0,0.0,4.852,4.85
721.134304,-799.581443,0.0,0.0,4.855,4.853
722.705314,-804.326787,0.0,0.0,4.858,4.856
724.275991,-809.072217,0.0,0.0,4.861,4.859
725.846312,-813.817741,0.0,0.0,4.864,4.862
727.416272,-818.563361,0.0,0.0,4.867,4.865
728.985883,-823.309074,0.0,0.0,4.87,4.868
730.555154,-828.054878,0.0,0.0,4.873,4.871
732.124096,-832.80077,0.0,0.0,4.876,4.874
733.692718,-837.546748,0.0,0.0,4.88,4.877
735.261032,-842.29281,0.0,0.0,4.883,4.88
736.829048,-847.038953,0.0,0.0,4.886,4.883
738.396776,-851.785174,0.0,0.0,4.889,4.886
739.964227,-856.531473,0.0,0.0,4.892,4.889
741.53141,-861.277845,0.0,0.0,4.895,4.892
743.098337,-866.024288,0.0,0.0,4.898,4.895
744.665018,-870.770801,0.0,0.0,4.9,4.896
746.231462,-875.517381,0.0,0.0,4.902,4.895
747.797682,-880.264025,0.0,0.0,4.903,4.894
749.363686,-885.010731,0.0,0.0,4.904,4.893
750.929485,-889.757497,0.0,0.0,4.905,4.893
752.49509,-894.504319,0.0,0.0,4.907,4.892
754.060512,-899.251197,0.0,0.0,4.908,4.891
755.625759,-903.998127,0.0,0.0,4.909,4.89
757.190844,-908.745107,0.0,0.0,4.91,4.889
758.755776,-913.492134,0.0,0.0,4.911,4.888
760.320565,-918.239207,0.0,0.0,4.913,4.887
761.885222,-922.986323,0.0,0.0,4.914,4.886
763.449758,-927.733478,0.0,0.0,4.915,4.885
765.014183,-932.480672,0.0,0.0,4.916,4.884
766.578507,-937.227902,0.0,0.0,4.918,4.884
768.14274,-941.975164,0.0,0.0,4.919,4.883
769.706893,-946.722458,0.0,0.0,4.92,4.882
771.270977,-951.469779,0.0,0.0,4.921,4.881
772.835001,-956.217127,0.0,0.0,4.923,4.88
774.398977,-960.964498,0.0,0.0,4.924,4.879
775.962914,-965.711891,0.0,0.0,4.925,4.878
777.526823,-970.459302,0.0,0.0,4.926,4.877
779.090714,-975.206729,0.0,0.0,4.928,4.876
780.654598,-979.954171,0.0,0.0,4.929,4.875
782.218485,-984.701624,0.0,0.0,4.93,4.875
783.782385,-989.449086,0.0,0.0,4.931,4.874
785.34631,-994.196555,0.0,0.0,4.932,4.873
786.910268,-998.944029,0.0,0.0,4.934,4.872
788.474271,-1003.691504,0.0,0.0,4.935,4.871
790.038329,-1008.438979,0.0,0.0,4.936,4.87
791.602453,-1013.186451,0.0,0.0,4.937,4.869
793.166652,-1017.933918,0.0,0.0,4.939,4.868
794.730938,-1022.681377,0.0,0.0,4.94,4.867
796.29532,-1027.428826,0.0,0.0,4.941,4.866
797.859809,-1032.176263,0.0,0.0,4.942,4.866
799.424415,-1036.923685,0.0,0.0,4.944,4.865
800.98915,-1041.671089,0.0,0.0,4.945,4.864
802.554022,-1046.418474,0.0,0.0,4.946,4.863
804.119043,-1051.165837,0.0,0.0,4.947,4.862
805.684222,-1055.913176,0.0,0.0,4.949,4.861
807.249571,-1060.660487,0.0,0.0,4.95,4.86
808.8151,-1065.40777,0.0,0.0,4.951,4.859
810.380819,-1070.15502,0.0,0.0,4.952,4.858
811.946738,-1074.902237,0.0,0.0,4.953,4.857
813.512868,-1079.649417,0.0,0.0,4.955,4.856
815.079219,-1084.396559,0.0,0.0,4.956,4.856
816.645802,-1089.143659,0.0,0.0,4.957,4.855
818.212627,-1093.890715,0.0,0.0,4.958,4.854
819.779705,-1098.637726,0.0,0.0,4.96,4.853
821.347045,-1103.384688,0.0,0.0,4.961,4.852
822.914658,-1108.131599,0.0,0.0,4.962,4.851
824.482555,-1112.878457,0.0,0.0,4.963,4.85
826.050746,-1117.625259,0.0,0.0,4.965,4.849
827.619241,-1122.372003,0.0,0.0,4.966,4.848
829.188051,-1127.118686,0.0,0.0,4.967,4.847
830.757186,-1131.865307,0.0,0.0,4.968,4.847
832.326656,-1136.611863,0.0,0.0,4.97,4.846
833.896473,-1141.358351,0.0,0.0,4.971,4.845
835.466646,-1146.104768,0.0,0.0,4.972,4.844
837.037185,-1150.851114,0.0,0.0,4.973,4.843
838.608101,-1155.597384,0.0,0.0,4.974,4.842
840.179405,-1160.343577,0.0,0.0,4.976,4.841
841.751107,-1165.089691,0.0,0.0,4.977,4.84
843.323217,-1169.835722,0.0,0.0,4.978,4.839
844.895746,-1174.581669,0.0,0.0,4.979,4.838
846.468704,-1179.32753,0.0,0.0,4.981,4.838
848.042101,-1184.0733,0.0,0.0,4.982,4.837
849.615948,-1188.81898,0.0,0.0,4.983,4.836
851.190255,-1193.564565,0.0,0.0,4.981,4.817
852.765032,-1198.310053,0.0,0.0,4.977,4.789
854.340291,-1203.055443,0.0,0.0,4.973,4.76
855.916041,-1207.800732,0.0,0.0,4.97,4.732
857.492292,-1212.545916,0.0,0.0,4.97,4.735
859.069056,-1217.290995,0.0,0.0,4.977,4.783
860.646342,-1222.035965,0.0,0.0,4.983,4.83
862.224162,-1226.780825,0.0,0.0,4.989,4.877
863.791938,-1231.527852,0.0,0.0,4.85,4.865
865.296748,-1236.288448,0.0,0.0,4.71,4.853
866.675083,-1241.076296,0.0,0.0,4.571,4.842
867.863435,-1245.90508,0.0,0.0,4.62,5.05
868.798293,-1250.78848,0.0,0.0,4.675,5.192
869.41612,-1255.739342,0.0,0.0,4.704,5.298
869.65223,-1260.738034,0.0,0.0,4.759,5.362
869.440451,-1265.722793,0.0,0.0,4.88,5.214
868.714509,-1270.629052,0.0,0.0,4.991,5.22
867.408134,-1275.392239,0.0,0.0,5.076,5.13
865.455053,-1279.947787,0.0,0.0,5.095,5.014
862.814155,-1284.235561,0.0,0.0,5.002,4.899
859.627491,-1288.227723,0.0,0.0,4.795,4.943
856.118122,-1291.910719,0.0,0.0,4.587,4.818
852.457604,-1295.273334,0.0,0.0,4.379,4.584
848.614056,-1298.31327,0.0,0.0,4.294,4.704
844.506252,-1301.030871,0.0,0.0,4.439,4.409
840.152603,-1303.513231,0.0,0.0,4.528,4.295
835.788849,-1306.036657,0.0,0.0,4.6,4.237
831.676217,-1308.897905,0.0,0.0,4.449,4.328
827.95907,-1312.227449,0.0,0.0,4.281,4.433
824.633247,-1315.944439,0.0,0.0,4.605,4.249
821.686168,-1319.963035,0.0,0.0,4.622,4.247
819.109862,-1324.231207,0.0,0.0,4.457,4.352
816.897552,-1328.705184,0.0,0.0,4.379,4.349
815.056061,-1333.347396,0.0,0.0,4.414,4.322
813.621756,-1338.13373,0.0,0.0,4.463,4.291
812.635098,-1343.041248,0.0,0.0,4.377,4.29
812.144556,-1348.025517,0.0,0.0,4.282,4.308
812.208713,-1353.01494,0.0,0.0,4.448,4.242
812.875421,-1357.940311,0.0,0.0,4.26,4.289
814.030066,-1362.791345,0.0,0.0,4.273,4.273
815.436842,-1367.601716,0.0,0.0,4.322,4.212
816.87894,-1372.403009,0.0,0.0,4.348,4.21
818.295122,-1377.20451,0.0,0.0,4.368,4.222
819.691503,-1382.00585,0.0,0.0,4.389,4.234
821.074466,-1386.806622,0.0,0.0,4.409,4.246
822.450396,-1391.606418,0.0,0.0,4.43,4.258
823.825676,-1396.404831,0.0,0.0,4.45,4.27
825.206691,-1401.201452,0.0,0.0,4.471,4.281
826.599823,-1405.995875,0.0,0.0,4.491,4.293
828.011458,-1410.787692,0.0,0.0,4.512,4.305
829.447978,-1415.576495,0.0,0.0,4.532,4.317
830.915768,-1420.361876,0.0,0.0,4.553,4.329
832.412746,-1425.144812,0.0,0.0,4.573,4.341
833.904208,-1429.931604,0.0,0.0,4.594,4.353
835.347591,-1434.729839,0.0,0.0,4.614,4.365
836.700334,-1439.547104,0.0,0.0,4.606,4.404
837.919876,-1444.390985,0.0,0.0,4.439,4.591
838.963632,-1449.268866,0.0,0.0,4.271,4.778
839.788218,-1454.180851,0.0,0.0,4.187,4.879
840.34924,-1459.117895,0.0,0.0,4.282,4.792
840.602241,-1464.070368,0.0,0.0,4.335,4.661
840.502765,-1469.028642,0.0,0.0,4.338,4.474
840.006355,-1473.983087,0.0,0.0,4.47,4.41
839.072784,-1478.918329,0.0,0.0,4.432,4.465
837.691692,-1483.778428,0.0,0.0,4.371,4.355
835.865575,-1488.489981,0.0,0.0,4.42,4.172
833.596978,-1492.979517,0.0,0.0,4.417,4.195
830.888449,-1497.173566,0.0,0.0,4.192,4.251
827.742752,-1500.999002,0.0,0.0,3.987,4.557
824.200907,-1504.442635,0.0,0.0,4.2,4.715
820.38545,-1507.619009,0.0,0.0,4.388,4.693
816.428121,-1510.65781,0.0,0.0,4.506,4.649
812.416515,-1513.644879,0.0,0.0,4.625,4.604
808.383513,-1516.611724,0.0,0.0,4.675,4.564
804.353334,-1519.581454,0.0,0.0,4.688,4.525
800.330243,-1522.558154,0.0,0.0,4.7,4.487
796.313779,-1525.541404,0.0,0.0,4.705,4.463
792.303481,-1528.530781,0.0,0.0,4.693,4.47
788.298889,-1531.525864,0.0,0.0,4.682,4.477
784.29954,-1534.526232,0.0,0.0,4.67,4.484
780.304975,-1537.531464,0.0,0.0,4.659,4.491
776.314731,-1540.541137,0.0,0.0,4.647,4.498
772.328349,-1543.554831,0.0,0.0,4.636,4.505
768.345368,-1546.572125,0.0,0.0,4.624,4.512
764.365325,-1549.592596,0.0,0.0,4.613,4.519
760.387761,-1552.615823,0.0,0.0,4.601,4.526
756.412214,-1555.641386,0.0,0.0,4.59,4.533
752.438224,-1558.668862,0.0,0.0,4.578,4.54
748.465329,-1561.69783,0.0,0.0,4.567,4.548
744.493068,-1564.727869,0.0,0.0,4.555,4.555
740.520981,-1567.758557,0.0,0.0,4.544,4.562
736.548607,-1570.789473,0.0,0.0,4.532,4.569
732.575484,-1573.820195,0.0,0.0,4.521,4.576
728.601151,-1576.850303,0.0,0.0,4.509,4.583
724.625149,-1579.879374,0.0,0.0,4.498,4.59
720.647024,-1582.906995,0.0,0.0,4.486,4.597
716.66664,-1585.932998,0.0,0.0,4.475,4.604
712.684251,-1588.957526,0.0,0.0,4.463,4.611
708.700137,-1591.980737,0.0,0.0,4.452,4.618
704.714576,-1595.002792,0.0,0.0,4.44,4.625
700.727846,-1598.023851,0.0,0.0,4.429,4.632
696.740226,-1601.044073,0.0,0.0,4.417,4.639
692.751994,-1604.06362,0.0,0.0,4.406,4.647
688.76343,-1607.08265,0.0,0.0,4.394,4.654
684.774812,-1610.101323,0.0,0.0,4.383,4.661
680.786419,-1613.1198,0.0,0.0,4.371,4.668
676.798528,-1616.13824,0.0,0.0,4.36,4.675
672.811419,-1619.156804,0.0,0.0,4.348,4.682
668.825371,-1622.175652,0.0,0.0,4.337,4.689
664.840661,-1625.194942,0.0,0.0,4.325,4.696
660.85757,-1628.214836,0.0,0.0,4.313,4.703
656.876374,-1631.235493,0.0,0.0,4.302,4.71
652.897353,-1634.257074,0.0,0.0,4.29,4.717
648.920786,-1637.279738,0.0,0.0,4.279,4.724
644.946951,-1640.303644,0.0,0.0,4.267,4.731
640.976126,-1643.328954,0.0,0.0,4.256,4.738
637.008591,-1646.355827,0.0,0.0,4.244,4.746
633.044592,-1649.38441,0.0,0.0,4.233,4.753
629.083228,-1652.41437,0.0,0.0,4.221,4.76
625.122183,-1655.444786,0.0,0.0,4.21,4.767
621.159051,-1658.474699,0.0,0.0,4.198,4.774
617.191428,-1661.50315,0.0,0.0,4.187,4.781
613.216908,-1664.529179,0.0,0.0,4.175,4.788
609.233087,-1667.551827,0.0,0.0,4.164,4.795
605.237558,-1670.570135,0.0,0.0,4.152,4.802
601.227917,-1673.583145,0.0,0.0,4.141,4.809
597.201759,-1676.589896,0.0,0.0,4.129,4.816
593.156678,-1679.589431,0.0,0.0,4.118,4.823
589.090195,-1682.580527,0.0,0.0,4.106,4.83
584.987344,-1685.517426,0.0,0.0,4.095,4.837
580.806682,-1688.259974,0.0,0.0,4.327,4.657
576.503393,-1690.655975,0.0,0.0,4.696,4.372
572.032662,-1692.553238,0.0,0.0,4.49,4.618
567.349672,-1693.799568,0.0,0.0,4.228,4.904
562.418057,-1694.259438,0.0,0.0,4.282,4.744
557.31711,-1694.025405,0.0,0.0,4.311,4.656
552.20994,-1693.355328,0.0,0.0,4.308,4.663
547.242761,-1692.473813,0.0,0.0,4.478,4.495
542.433009,-1691.352017,0.0,0.0,4.782,4.191
537.74525,-1689.8567,0.0,0.0,4.485,4.516
533.183347,-1687.920493,0.0,0.0,4.064,4.971
528.799269,-1685.556728,0.0,0.0,4.136,4.765
524.647899,-1682.783625,0.0,0.0,4.285,4.533
520.784122,-1679.619404,0.0,0.0,4.471,4.351
517.26282,-1676.082286,0.0,0.0,4.462,4.355
514.136005,-1672.193518,0.0,0.0,4.289,4.499
511.436308,-1667.9948,0.0,0.0,4.129,4.629
509.188343,-1663.536289,0.0,0.0,4.196,4.547
507.416697,-1658.868171,0.0,0.0,4.255,4.484
506.145958,-1654.040629,0.0,0.0,4.291,4.485
505.400636,-1649.103865,0.0,0.0,4.307,4.499
505.193511,-1644.110389,0.0,0.0,4.236,4.57
505.513288,-1639.117463,0.0,0.0,4.179,4.583
506.345712,-1634.182926,0.0,0.0,4.19,4.517
507.676529,-1629.364622,0.0,0.0,4.419,4.303
509.491487,-1624.720394,0.0,0.0,4.342,4.368
511.77449,-1620.305495,0.0,0.0,4.265,4.445
514.485203,-1616.141141,0.0,0.0,4.265,4.482
517.566194,-1612.224534,0.0,0.0,4.279,4.497
520.959676,-1608.552376,0.0,0.0,4.298,4.503
524.607857,-1605.121366,0.0,0.0,4.136,4.755
528.453317,-1601.927626,0.0,0.0,4.145,4.79
532.45038,-1598.948843,0.0,0.0,4.551,4.309
536.567294,-1596.140849,0.0,0.0,4.657,4.17
540.773112,-1593.458212,0.0,0.0,4.557,4.267
545.036886,-1590.855498,0.0,0.0,4.568,4.275
549.327671,-1588.287276,0.0,0.0,4.582,4.28
553.617319,-1585.712389,0.0,0.0,4.595,4.286
557.896076,-1583.11778,0.0,0.0,4.609,4.292
562.161612,-1580.501724,0.0,0.0,4.622,4.297
566.411612,-1577.862532,0.0,0.0,4.636,4.303
570.643766,-1575.198511,0.0,0.0,4.65,4.309
574.855986,-1572.508175,0.0,0.0,4.663,4.314
579.049095,-1569.792664,0.0,0.0,4.677,4.32
583.22595,-1567.05496,0.0,0.0,4.69,4.325
587.389446,-1564.298077,0.0,0.0,4.672,4.355
591.54248,-1561.525033,0.0,0.0,4.648,4.389
595.687949,-1558.738843,0.0,0.0,4.623,4.423
599.828749,-1555.942523,0.0,0.0,4.598,4.458
603.967778,-1553.139091,0.0,0.0,4.573,4.492
608.107931,-1550.331563,0.0,0.0,4.548,4.526
612.252105,-1547.522955,0.0,0.0,4.5,4.541
616.403198,-1544.716282,0.0,0.0,4.439,4.545
620.557331,-1541.907668,0.0,0.0,4.377,4.549
624.666155,-1539.047969,0.0,0.0,4.359,4.511
628.663383,-1536.069786,0.0,0.0,4.475,4.345
632.48268,-1532.905671,0.0,0.0,4.591,4.179
636.05771,-1529.488175,0.0,0.0,4.668,4.221
639.322207,-1525.750142,0.0,0.0,4.704,4.266
642.219572,-1521.664482,0.0,0.0,4.664,4.242
644.712579,-1517.284425,0.0,0.0,4.547,4.406
646.766318,-1512.672787,0.0,0.0,4.417,4.604
648.345875,-1507.892385,0.0,0.0,4.411,4.534
649.416341,-1503.006036,0.0,0.0,4.467,4.465
649.947303,-1498.074491,0.0,0.0,4.569,4.402
649.965772,-1493.132161,0.0,0.0,4.758,4.389
649.538379,-1488.195278,0.0,0.0,4.852,4.302
648.732543,-1483.279712,0.0,0.0,4.806,4.26
647.615681,-1478.401337,0.0,0.0,4.614,4.382
646.25521,-1473.576023,0.0,0.0,4.495,4.447
644.713027,-1468.813888,0.0,0.0,4.425,4.473
643.031634,-1464.104846,0.0,0.0,4.455,4.526
641.249282,-1459.434376,0.0,0.0,4.508,4.587
639.404221,-1454.787961,0.0,0.0,4.56,4.647
637.5347,-1450.151081,0.0,0.0,4.613,4.707
635.674914,-1445.510752,0.0,0.0,4.665,4.767
633.832939,-1440.863864,0.0,0.0,4.718,4.828
632.006509,-1436.211223,0.0,0.0,4.77,4.888
630.19333,-1431.553643,0.0,0.0,4.823,4.948
628.391107,-1426.891937,0.0,0.0,4.876,5.008
626.597546,-1422.226922,0.0,0.0,4.928,5.068
624.810354,-1417.559411,0.0,0.0,4.981,5.129
623.027237,-1412.890218,0.0,0.0,5.033,5.189
621.2459,-1408.220157,0.0,0.0,5.086,5.249
619.46405,-1403.550044,0.0,0.0,5.138,5.309
617.679393,-1398.880693,0.0,0.0,5.191,5.369
615.889927,-1394.212816,0.0,0.0,5.243,5.43
614.097345,-1389.545846,0.0,0.0,5.296,5.49
612.305877,-1384.878335,0.0,0.0,5.344,5.544
610.519801,-1380.208819,0.0,0.0,5.381,5.581
608.743394,-1375.535833,0.0,0.0,5.417,5.617
606.980936,-1370.857914,0.0,0.0,5.454,5.654
605.236703,-1366.173597,0.0,0.0,5.49,5.691
603.514976,-1361.481417,0.0,0.0,5.527,5.728
601.820031,-1356.77991,0.0,0.0,5.563,5.765
600.156146,-1352.067613,0.0,0.0,5.6,5.802
598.527602,-1347.343059,0.0,0.0,5.605,5.827
596.938129,-1342.605005,0.0,0.0,5.56,5.835
595.387952,-1337.853607,0.0,0.0,5.516,5.842
593.875908,-1333.08958,0.0,0.0,5.471,5.849
592.400829,-1328.31364,0.0,0.0,5.427,5.856
590.961547,-1323.526504,0.0,0.0,5.382,5.864
589.556893,-1318.728885,0.0,0.0,5.338,5.871
588.185701,-1313.921501,0.0,0.0,5.294,5.878
586.846803,-1309.105067,0.0,0.0,5.229,5.828
585.53903,-1304.280299,0.0,0.0,5.117,5.637
584.261216,-1299.447912,0.0,0.0,5.005,5.446
583.012192,-1294.608623,0.0,0.0,4.893,5.255
581.790727,-1289.763137,0.0,0.0,4.781,5.064
580.594777,-1284.912035,0.0,0.0,4.669,4.873
579.421743,-1280.055811,0.0,0.0,4.557,4.682
578.269014,-1275.19496,0.0,0.0,4.445,4.49
577.133981,-1270.329973,0.0,0.0,4.384,4.389
576.014032,-1265.461346,0.0,0.0,4.388,4.399
574.906559,-1260.589569,0.0,0.0,4.392,4.409
573.808951,-1255.715138,0.0,0.0,4.395,4.418
572.718596,-1250.838544,0.0,0.0,4.399,4.428
571.632887,-1245.960282,0.0,0.0,4.402,4.437
570.549211,-1241.080844,0.0,0.0,4.406,4.447
569.465229,-1236.200684,0.0,0.0,4.409,4.457
568.38033,-1231.319996,0.0,0.0,4.413,4.466
567.294589,-1226.438871,0.0,0.0,4.417,4.476
566.208085,-1221.557401,0.0,0.0,4.42,4.485
565.120892,-1216.675679,0.0,0.0,4.424,4.495
564.033089,-1211.793796,0.0,0.0,4.427,4.504
562.944752,-1206.911843,0.0,0.0,4.431,4.514
561.855958,-1202.029913,0.0,0.0,4.434,4.524
560.766784,-1197.148096,0.0,0.0,4.438,4.533
559.677306,-1192.266485,0.0,0.0,4.441,4.543
558.587602,-1187.385172,0.0,0.0,4.445,4.552
557.497748,-1182.504248,0.0,0.0,4.449,4.562
556.407822,-1177.623805,0.0,0.0,4.452,4.572
555.317899,-1172.743934,0.0,0.0,4.456,4.581
554.228058,-1167.864728,0.0,0.0,4.459,4.591
553.138374,-1162.986277,0.0,0.0,4.463,4.6
552.048925,-1158.108675,0.0,0.0,4.466,4.61
550.959787,-1153.232012,0.0,0.0,4.47,4.619
549.871038,-1148.35638,0.0,0.0,4.468,4.627
548.782754,-1143.481871,0.0,0.0,4.453,4.628
547.695012,-1138.608576,0.0,0.0,4.437,4.63
546.607892,-1133.736585,0.0,0.0,4.422,4.631
545.5219,-1128.865637,0.0,0.0,4.406,4.632
544.438383,-1123.994782,0.0,0.0,4.391,4.634
543.358783,-1119.122986,0.0,0.0,4.375,4.635
542.284547,-1114.24922,0.0,0.0,4.36,4.637
541.217118,-1109.372451,0.0,0.0,4.345,4.638
540.15794,-1104.491648,0.0,0.0,4.329,4.64
539.108457,-1099.605779,0.0,0.0,4.314,4.641
538.070115,-1094.713813,0.0,0.0,4.298,4.642
537.044358,-1089.814719,0.0,0.0,4.283,4.644
536.032628,-1084.907464,0.0,0.0,4.267,4.645
535.036372,-1079.991017,0.0,0.0,4.252,4.647
534.052519,-1075.066254,0.0,0.0,4.236,4.648
533.062192,-1070.140729,0.0,0.0,4.221,4.65
532.043052,-1065.223459,0.0,0.0,4.205,4.651
530.972763,-1060.323459,0.0,0.0,4.2,4.631
529.828988,-1055.449746,0.0,0.0,4.246,4.501
528.589389,-1050.611335,0.0,0.0,4.292,4.371
527.231628,-1045.817244,0.0,0.0,4.39,4.274
525.733369,-1041.076488,0.0,0.0,4.527,4.201
524.072274,-1036.398084,0.0,0.0,4.665,4.129
522.226006,-1031.791047,0.0,0.0,4.671,4.092
520.172296,-1027.264408,0.0,0.0,4.617,4.072
517.897526,-1022.829148,0.0,0.0,4.58,4.082
515.405095,-1018.500075,0.0,0.0,4.609,4.207
512.700384,-1014.292444,0.0,0.0,4.635,4.328
509.788776,-1010.22151,0.0,0.0,4.628,4.373
506.675652,-1006.30253,0.0,0.0,4.62,4.417
503.366394,-1002.550757,0.0,0.0,4.641,4.423
499.866385,-998.981449,0.0,0.0,4.705,4.365
496.181006,-995.609859,0.0,0.0,4.77,4.308
492.31564,-992.451244,0.0,0.0,4.491,4.525
488.275668,-989.520859,0.0,0.0,4.26,4.7
484.066473,-986.833958,0.0,0.0,4.505,4.474
479.701962,-984.390516,0.0,0.0,4.638,4.315
475.225549,-982.137618,0.0,0.0,4.593,4.262
470.686806,-980.011372,0.0,0.0,4.547,4.209
466.107913,-978.004185,0.0,0.0,4.482,4.244
461.457746,-976.218032,0.0,0.0,4.411,4.308
456.700161,-974.765327,0.0,0.0,4.434,4.283
451.832016,-973.694153,0.0,0.0,4.567,4.154
446.887807,-972.979235,0.0,0.0,4.515,4.304
441.90303,-972.585327,0.0,0.0,4.399,4.523
436.900288,-972.403739,0.0,0.0,4.404,4.474
431.893482,-972.27691,0.0,0.0,4.408,4.426
426.8917,-972.10209,0.0,0.0,4.413,4.377
421.89503,-971.884323,0.0,0.0,4.418,4.329
416.902531,-971.640975,0.0,0.0,4.423,4.281
411.913263,-971.389416,0.0,0.0,4.427,4.232
406.926285,-971.147011,0.0,0.0,4.432,4.184
401.940656,-970.93113,0.0,0.0,4.437,4.135
396.955436,-970.75914,0.0,0.0,4.441,4.087
391.969684,-970.648408,0.0,0.0,4.446,4.038
386.982459,-970.616303,0.0,0.0,4.451,3.99
381.992822,-970.680191,0.0,0.0,4.588,4.29
376.99983,-970.857439,0.0,0.0,4.541,4.227
372.004261,-971.163104,0.0,0.0,4.494,4.164
367.012772,-971.604318,0.0,0.0,4.447,4.102
362.033281,-972.186515,0.0,0.0,4.405,4.088
357.073703,-972.915134,0.0,0.0,4.375,4.181
352.141956,-973.79561,0.0,0.0,4.345,4.274
347.245956,-974.833381,0.0,0.0,4.348,4.295
342.393619,-976.033881,0.0,0.0,4.361,4.298
337.592863,-977.402549,0.0,0.0,4.373,4.3
332.851604,-978.94482,0.0,0.0,4.479,4.192
328.177759,-980.666131,0.0,0.0,4.585,4.084
323.579221,-982.571872,0.0,0.0,4.691,3.976
319.061196,-984.661942,0.0,0.0,4.797,3.868
314.623705,-986.925655,0.0,0.0,4.675,4.006
310.266177,-989.351114,0.0,0.0,4.544,4.154
305.988041,-991.926424,0.0,0.0,4.442,4.287
301.788726,-994.639692,0.0,0.0,4.387,4.395
297.668058,-997.479562,0.0,0.0,4.332,4.504
293.630689,-1000.441276,0.0,0.0,4.467,4.382
289.684494,-1003.524473,0.0,0.0,4.643,4.209
285.837405,-1006.728875,0.0,0.0,4.53,4.393
282.097355,-1010.054204,0.0,0.0,4.309,4.71
278.472181,-1013.500107,0.0,0.0,4.324,4.68
274.966949,-1017.064072,0.0,0.0,4.387,4.576
271.583612,-1020.741161,0.0,0.0,4.459,4.456
268.323955,-1024.526309,0.0,0.0,4.546,4.302
265.189763,-1028.414449,0.0,0.0,4.634,4.148
262.182821,-1032.400513,0.0,0.0,4.667,4.147
259.304916,-1036.479436,0.0,0.0,4.688,4.177
256.557833,-1040.64615,0.0,0.0,4.71,4.206
253.943357,-1044.895589,0.0,0.0,4.681,4.151
251.463273,-1049.222686,0.0,0.0,4.645,4.086
249.119368,-1053.622375,0.0,0.0,4.607,4.046
246.912646,-1058.08949,0.0,0.0,4.553,4.142
244.83469,-1062.617676,0.0,0.0,4.498,4.239
242.870835,-1067.199791,0.0,0.0,4.444,4.335
241.006307,-1071.828676,0.0,0.0,4.426,4.365
239.226329,-1076.497174,0.0,0.0,4.422,4.37
237.516125,-1081.198129,0.0,0.0,4.418,4.375
235.860919,-1085.924382,0.0,0.0,4.414,4.38
234.245934,-1090.668776,0.0,0.0,4.41,4.386
232.656396,-1095.424154,0.0,0.0,4.405,4.391
231.077527,-1100.183357,0.0,0.0,4.401,4.396
229.494552,-1104.93923,0.0,0.0,4.397,4.401
227.892983,-1109.684757,0.0,0.0,4.393,4.406
226.26653,-1114.416996,0.0,0.0,4.389,4.411
224.618084,-1119.137567,0.0,0.0,4.384,4.417
222.95102,-1123.848327,0.0,0.0,4.38,4.422
221.268711,-1128.551137,0.0,0.0,4.376,4.427
219.574534,-1133.247854,0.0,0.0,4.372,4.432
217.871862,-1137.940337,0.0,0.0,4.368,4.437
216.164071,-1142.630447,0.0,0.0,4.364,4.442
214.454536,-1147.320041,0.0,0.0,4.359,4.448
212.746631,-1152.010978,0.0,0.0,4.357,4.451
211.043731,-1156.705119,0.0,0.0,4.359,4.452
209.348986,-1161.404194,0.0,0.0,4.362,4.453
207.662826,-1166.108408,0.0,0.0,4.364,4.454
205.983882,-1170.816953,0.0,0.0,4.367,4.455
204.310753,-1175.529003,0.0,0.0,4.369,4.456
202.642036,-1180.243732,0.0,0.0,4.371,4.457
200.976329,-1184.960313,0.0,0.0,4.374,4.458
199.312232,-1189.677921,0.0,0.0,4.376,4.459
197.648342,-1194.39573,0.0,0.0,4.378,4.46
195.983257,-1199.112913,0.0,0.0,4.381,4.46
194.315576,-1203.828644,0.0,0.0,4.383,4.461
192.643898,-1208.542098,0.0,0.0,4.386,4.462
190.966859,-1213.252471,0.0,0.0,4.388,4.463
189.284208,-1217.959605,0.0,0.0,4.39,4.464
187.596939,-1222.664063,0.0,0.0,4.393,4.465
185.90611,-1227.366447,0.0,0.0,4.395,4.466
184.212781,-1232.067359,0.0,0.0,4.397,4.467
182.518011,-1236.767401,0.0,0.0,4.4,4.468
180.822857,-1241.467175,0.0,0.0,4.402,4.469
179.12838,-1246.167282,0.0,0.0,4.404,4.469
177.435637,-1250.868325,0.0,0.0,4.407,4.47
175.745688,-1255.570904,0.0,0.0,4.409,4.471
174.059592,-1260.275623,0.0,0.0,4.412,4.472
172.378297,-1264.98302,0.0,0.0,4.414,4.473
170.701415,-1269.692897,0.0,0.0,4.416,4.474
169.027677,-1274.404564,0.0,0.0,4.419,4.475
167.355797,-1279.117322,0.0,0.0,4.421,4.476
165.684487,-1283.830471,0.0,0.0,4.423,4.477
164.012462,-1288.543315,0.0,0.0,4.426,4.478
162.338436,-1293.255153,0.0,0.0,4.428,4.478
160.661122,-1297.965287,0.0,0.0,4.431,4.479
158.979235,-1302.67302,0.0,0.0,4.433,4.48
157.291487,-1307.377651,0.0,0.0,4.435,4.481
155.596593,-1312.078483,0.0,0.0,4.438,4.482
153.893419,-1316.774893,0.0,0.0,4.44,4.483
152.185164,-1321.468445,0.0,0.0,4.442,4.484
150.479874,-1326.163148,0.0,0.0,4.445,4.485
148.78585,-1330.863137,0.0,0.0,4.447,4.486
147.111395,-1335.57255,0.0,0.0,4.449,4.487
145.46481,-1340.295523,0.0,0.0,4.452,4.487
143.848752,-1345.033627,0.0,0.0,4.465,4.374
142.231042,-1349.772592,0.0,0.0,4.479,4.249
140.566217,-1354.492109,0.0,0.0,4.476,4.368
138.808792,-1359.171858,0.0,0.0,4.366,4.465
136.913281,-1363.791518,0.0,0.0,4.242,4.481
134.835796,-1368.330651,0.0,0.0,4.114,4.387
132.551642,-1372.767402,0.0,0.0,3.986,4.266
130.048796,-1377.078978,0.0,0.0,3.882,4.274
127.315461,-1381.242573,0.0,0.0,3.785,4.317
124.339838,-1385.235378,0.0,0.0,3.688,4.36
121.110132,-1389.034584,0.0,0.0,3.743,4.299
117.621053,-1392.617262,0.0,0.0,3.884,4.179
113.889023,-1395.960071,0.0,0.0,4.026,4.055
109.934979,-1399.039584,0.0,0.0,4.169,3.926
105.779861,-1401.832376,0.0,0.0,4.146,3.92
101.444608,-1404.315021,0.0,0.0,3.729,4.203
96.950162,-1406.466359,0.0,0.0,3.546,4.324
92.317482,-1408.27904,0.0,0.0,3.684,4.224
87.567536,-1409.750919,0.0,0.0,3.816,4.139
82.721289,-1410.879858,0.0,0.0,3.907,4.155
77.799707,-1411.663719,0.0,0.0,3.997,4.172
72.823844,-1412.100188,0.0,0.0,3.873,4.259
67.82375,-1412.168106,0.0,0.0,3.708,4.359
62.846285,-1411.81113,0.0,0.0,3.544,4.46
57.938829,-1410.973314,0.0,0.0,3.738,4.296
53.112809,-1409.714474,0.0,0.0,3.98,4.099
48.340294,-1408.221155,0.0,0.0,4.174,3.978
43.600152,-1406.640662,0.0,0.0,4.145,4.227
38.900213,-1404.969929,0.0,0.0,4.115,4.476
34.254258,-1403.174998,0.0,0.0,4.192,4.564
29.676069,-1401.221915,0.0,0.0,4.312,4.586
25.179426,-1399.076723,0.0,0.0,4.435,4.552
20.777073,-1396.707989,0.0,0.0,4.56,4.487
16.453561,-1394.152909,0.0,0.0,4.608,4.45
12.162601,-1391.52374,0.0,0.0,4.615,4.429
7.856339,-1388.93656,0.0,0.0,4.622,4.407
3.486916,-1386.507442,0.0,0.0,4.612,4.374
-0.993522,-1384.352463,0.0,0.0,4.578,4.323
-5.624282,-1382.57162,0.0,0.0,4.544,4.272
-10.393375,-1381.168458,0.0,0.0,4.579,4.193
-15.26977,-1380.110714,0.0,0.0,4.62,4.134
-20.222403,-1379.366065,0.0,0.0,4.519,4.21
-25.220211,-1378.902191,0.0,0.0,4.429,4.334
-30.232153,-1378.687209,0.0,0.0,4.344,4.478
-35.229167,-1378.734069,0.0,0.0,4.443,4.38
-40.185857,-1379.138548,0.0,0.0,4.658,4.127
-45.077422,-1380.001737,0.0,0.0,4.763,3.968
-49.884427,-1381.327293,0.0,0.0,4.54,4.083
-54.593265,-1383.013095,0.0,0.0,4.316,4.199
-59.190143,-1384.973617,0.0,0.0,4.33,4.227
-63.659749,-1387.193868,0.0,0.0,4.399,4.235
-67.986459,-1389.673021,0.0,0.0,4.491,4.19
-72.154652,-1392.41025,0.0,0.0,4.597,4.112
-76.148707,-1395.40473,0.0,0.0,4.553,4.206
-79.952392,-1398.655524,0.0,0.0,4.4,4.425
-83.533631,-1402.158804,0.0,0.0,4.425,4.454
-86.843431,-1405.907657,0.0,0.0,4.632,4.288
-89.840129,-1409.891416,0.0,0.0,4.691,4.234
-92.574065,-1414.058822,0.0,0.0,4.594,4.299
-95.153608,-1418.333003,0.0,0.0,4.512,4.356
-97.676269,-1422.645055,0.0,0.0,4.505,4.371
-100.171265,-1426.974592,0.0,0.0,4.498,4.387
-102.643254,-1431.318681,0.0,0.0,4.491,4.402
-105.096859,-1435.674415,0.0,0.0,4.484,4.418
-107.536705,-1440.038884,0.0,0.0,4.478,4.433
-109.967415,-1444.409179,0.0,0.0,4.471,4.449
-112.393615,-1448.782392,0.0,0.0,4.464,4.464
-114.819927,-1453.155614,0.0,0.0,4.457,4.48
-117.250976,-1457.525934,0.0,0.0,4.45,4.495
-119.691386,-1461.890446,0.0,0.0,4.444,4.511
-122.14578,-1466.24624,0.0,0.0,4.437,4.526
-124.617482,-1470.591231,0.0,0.0,4.43,4.542
-127.105684,-1474.925952,0.0,0.0,4.423,4.557
-129.608759,-1479.251456,0.0,0.0,4.416,4.573
-132.125082,-1483.568794,0.0,0.0,4.41,4.588
-134.653024,-1487.879018,0.0,0.0,4.451,4.611
-137.190961,-1492.18318,0.0,0.0,4.5,4.634
-139.737266,-1496.482331,0.0,0.0,4.55,4.658
-142.290312,-1500.777524,0.0,0.0,4.6,4.681
-144.848473,-1505.069809,0.0,0.0,4.649,4.705
-147.410123,-1509.360239,0.0,0.0,4.699,4.728
-149.973634,-1513.649866,0.0,0.0,4.708,4.722
-152.537381,-1517.939742,0.0,0.0,4.66,4.671
-155.099737,-1522.230917,0.0,0.0,4.612,4.621
-157.659076,-1526.524445,0.0,0.0,4.564,4.571
-160.213772,-1530.821376,0.0,0.0,4.516,4.521
-162.762197,-1535.122763,0.0,0.0,4.467,4.47
-165.302726,-1539.429657,0.0,0.0,4.419,4.42
-167.833732,-1543.74311,0.0,0.0,4.371,4.37
-170.353588,-1548.064174,0.0,0.0,4.378,4.341
-172.860669,-1552.393901,0.0,0.0,4.407,4.321
-175.353347,-1556.733342,0.0,0.0,4.435,4.301
-177.83,-1561.083548,0.0,0.0,4.463,4.28
-180.296862,-1565.439822,0.0,0.0,4.492,4.26
-182.785116,-1569.779228,0.0,0.0,4.52,4.24
-185.330888,-1574.075218,0.0,0.0,4.548,4.219
-187.970303,-1578.301243,0.0,0.0,4.33,4.51
-190.739485,-1582.430753,0.0,0.0,4.147,4.771
-193.675946,-1586.435516,0.0,0.0,4.04,4.968
-196.852682,-1590.24419,0.0,0.0,4.243,4.759
-200.380316,-1593.739722,0.0,0.0,4.47,4.521
-204.356608,-1596.808207,0.0,0.0,4.415,4.629
-208.717345,-1599.394756,0.0,0.0,4.341,4.76
-213.298427,-1601.481054,0.0,0.0,4.261,4.841
-217.992874,-1603.043509,0.0,0.0,4.174,4.869
-222.797336,-1604.04822,0.0,0.0,4.194,4.79
-227.717604,-1604.463451,0.0,0.0,4.467,4.459
-232.723623,-1604.336799,0.0,0.0,4.504,4.437
-237.74807,-1603.798338,0.0,0.0,4.378,4.63
-242.721376,-1602.966245,0.0,0.0,4.292,4.676
-247.568415,-1601.788059,0.0,0.0,4.216,4.685
-252.210654,-1600.10683,0.0,0.0,4.215,4.628
-256.593674,-1597.817551,0.0,0.0,4.222,4.564
-260.798251,-1595.11433,0.0,0.0,4.359,4.444
-264.949607,-1592.289304,0.0,0.0,4.505,4.325
-269.111473,-1589.49112,0.0,0.0,4.513,4.319
-273.28449,-1586.721221,0.0,0.0,4.52,4.313
-277.466431,-1583.974357,0.0,0.0,4.528,4.308
-281.655068,-1581.245277,0.0,0.0,4.536,4.302
-285.848176,-1578.528732,0.0,0.0,4.543,4.296
-290.043528,-1575.819471,0.0,0.0,4.551,4.291
-294.238895,-1573.112246,0.0,0.0,4.559,4.285
-298.432052,-1570.401805,0.0,0.0,4.566,4.279
-302.620771,-1567.682899,0.0,0.0,4.574,4.274
-306.802826,-1564.950279,0.0,0.0,4.582,4.268
-310.97603,-1562.198774,0.0,0.0,4.589,4.262
-315.141576,-1559.429915,0.0,0.0,4.597,4.257
-319.306535,-1556.656886,0.0,0.0,4.604,4.251
-323.478567,-1553.894038,0.0,0.0,4.612,4.245
-327.66533,-1551.15572,0.0,0.0,4.62,4.24
-331.874484,-1548.456283,0.0,0.0,4.627,4.234
-336.112089,-1545.807315,0.0,0.0,4.635,4.228
-340.367143,-1543.190934,0.0,0.0,4.643,4.223
-344.618321,-1540.571425,0.0,0.0,4.57,4.346
-348.844153,-1537.912823,0.0,0.0,4.456,4.534
-353.023168,-1535.179165,0.0,0.0,4.343,4.722
-357.133773,-1532.334915,0.0,0.0,4.324,4.778
-361.151386,-1529.354839,0.0,0.0,4.379,4.731
-365.048371,-1526.224241,0.0,0.0,4.434,4.684
-368.796952,-1522.928904,0.0,0.0,4.42,4.699
-372.369353,-1519.454609,0.0,0.0,4.365,4.752
-375.737799,-1515.78714,0.0,0.0,4.31,4.805
-378.878869,-1511.916989,0.0,0.0,4.463,4.673
-381.793293,-1507.860764,0.0,0.0,4.636,4.523
-384.490125,-1503.644074,0.0,0.0,4.521,4.583
-386.978426,-1499.292537,0.0,0.0,4.377,4.665
-389.267258,-1494.83177,0.0,0.0,4.316,4.683
-391.365587,-1490.287283,0.0,0.0,4.338,4.639
-393.2746,-1485.675718,0.0,0.0,4.359,4.596
-394.982008,-1480.998358,0.0,0.0,4.32,4.606
-396.474178,-1476.254956,0.0,0.0,4.233,4.659
-397.737482,-1471.445266,0.0,0.0,4.147,4.711
-398.758286,-1466.569042,0.0,0.0,4.178,4.689
-399.523179,-1461.627422,0.0,0.0,4.278,4.622
-400.021056,-1456.636142,0.0,0.0,4.378,4.556
-400.242194,-1451.619692,0.0,0.0,4.365,4.486
-400.176888,-1446.602677,0.0,0.0,4.346,4.417
-399.815436,-1441.609707,0.0,0.0,4.302,4.377
-399.149482,-1436.664679,0.0,0.0,4.219,4.383
-398.202388,-1431.77485,0.0,0.0,4.143,4.4
-397.029604,-1426.930631,0.0,0.0,4.111,4.484
-395.68801,-1422.12169,0.0,0.0,4.079,4.569
-394.23448,-1417.337691,0.0,0.0,4.092,4.586
-392.725894,-1412.5683,0.0,0.0,4.109,4.597
-391.211545,-1407.804456,0.0,0.0,4.127,4.608
-389.699223,-1403.044066,0.0,0.0,4.144,4.619
-388.182588,-1398.287411,0.0,0.0,4.161,4.631
-386.655288,-1393.534772,0.0,0.0,4.178,4.642
-385.110971,-1388.786433,0.0,0.0,4.195,4.653
-383.543294,-1384.042686,0.0,0.0,4.212,4.664
-381.946679,-1379.304721,0.0,0.0,4.229,4.675
-380.316855,-1374.575259,0.0,0.0,4.246,4.686
-378.649678,-1369.857174,0.0,0.0,4.263,4.697
-376.941007,-1365.153339,0.0,0.0,4.28,4.709
-375.186699,-1360.466625,0.0,0.0,4.287,4.732
-373.382611,-1355.799907,0.0,0.0,4.289,4.761
-371.524601,-1351.156057,0.0,0.0,4.292,4.789
-369.608527,-1346.537948,0.0,0.0,4.294,4.818
-367.630245,-1341.948453,0.0,0.0,4.347,4.735
-365.585613,-1337.390445,0.0,0.0,4.422,4.604
-363.470611,-1332.866734,0.0,0.0,4.497,4.472
-361.284069,-1328.378673,0.0,0.0,4.476,4.462
-359.027694,-1323.926143,0.0,0.0,4.439,4.471
-356.703319,-1319.508962,0.0,0.0,4.403,4.48
-354.312779,-1315.126945,0.0,0.0,4.383,4.485
-351.857908,-1310.77991,0.0,0.0,4.423,4.478
-349.340539,-1306.467673,0.0,0.0,4.464,4.47
-346.762506,-1302.190051,0.0,0.0,4.468,4.453
-344.125644,-1297.946861,0.0,0.0,4.433,4.425
-341.431786,-1293.737918,0.0,0.0,4.398,4.397
-338.682766,-1289.563041,0.0,0.0,4.364,4.369
-335.880417,-1285.422045,0.0,0.0,4.327,4.349
-333.026575,-1281.314747,0.0,0.0,4.272,4.387
-330.123072,-1277.240964,0.0,0.0,4.216,4.425
-327.171743,-1273.200513,0.0,0.0,4.161,4.463
-324.174422,-1269.19321,0.0,0.0,4.106,4.502
-321.132941,-1265.218872,0.0,0.0,4.075,4.513
-318.049137,-1261.277315,0.0,0.0,4.059,4.509
-314.924841,-1257.368357,0.0,0.0,4.043,4.505
-311.761889,-1253.491813,0.0,0.0,4.027,4.501
-308.562113,-1249.647501,0.0,0.0,4.012,4.497
-305.327349,-1245.835237,0.0,0.0,4.048,4.516
-302.059683,-1242.054383,0.0,0.0,4.084,4.534
-298.762588,-1238.301814,0.0,0.0,4.121,4.553
-295.440004,-1234.573565,0.0,0.0,4.157,4.572
-292.095874,-1230.865671,0.0,0.0,4.193,4.591
-288.734138,-1227.174163,0.0,0.0,4.229,4.609
-285.358739,-1223.495076,0.0,0.0,4.266,4.628
-281.973618,-1219.824444,0.0,0.0,4.302,4.647
-278.582716,-1216.1583,0.0,0.0,4.338,4.665
-275.189975,-1212.492677,0.0,0.0,4.375,4.684
-271.799337,-1208.823609,0.0,0.0,4.411,4.703
-268.414742,-1205.14713,0.0,0.0,4.447,4.722
-265.039569,-1201.459851,0.0,0.0,4.483,4.74
-261.671302,-1197.764413,0.0,0.0,4.504,4.743
-258.303933,-1194.067033,0.0,0.0,4.525,4.747
-254.931403,-1190.373978,0.0,0.0,4.545,4.75
-251.547656,-1186.691514,0.0,0.0,4.566,4.754
-248.146635,-1183.025907,0.0,0.0,4.587,4.757
-244.722284,-1179.383423,0.0,0.0,4.608,4.761
-241.268545,-1175.770329,0.0,0.0,4.612,4.78
-237.779361,-1172.19289,0.0,0.0,4.574,4.838
-234.248676,-1168.657372,0.0,0.0,4.537,4.896
-230.670433,-1165.170043,0.0,0.0,4.5,4.955
-227.039443,-1161.736516,0.0,0.0,4.462,5.013
-223.355251,-1158.35886,0.0,0.0,4.425,5.071
-219.619003,-1155.037942,0.0,0.0,4.433,5.05
-215.831849,-1151.774628,0.0,0.0,4.478,4.963
-211.994937,-1148.569783,0.0,0.0,4.523,4.877
-208.109416,-1145.424273,0.0,0.0,4.568,4.79
-204.176435,-1142.338963,0.0,0.0,4.613,4.704
-200.197143,-1139.314719,0.0,0.0,4.659,4.618
-196.172688,-1136.352407,0.0,0.0,4.635,4.628
-192.104219,-1133.452892,0.0,0.0,4.527,4.756
-187.992886,-1130.617039,0.0,0.0,4.419,4.884
-183.840421,-1127.844244,0.0,0.0,4.311,5.011
-179.650307,-1125.129511,0.0,0.0,4.349,4.981
-175.42635,-1122.467029,0.0,0.0,4.446,4.888
-171.172357,-1119.850987,0.0,0.0,4.542,4.794
-166.892133,-1117.275573,0.0,0.0,4.638,4.701
-162.589485,-1114.734975,0.0,0.0,4.707,4.637
-158.26822,-1112.223383,0.0,0.0,4.705,4.65
-153.932143,-1109.734984,0.0,0.0,4.704,4.662
-149.585062,-1107.263967,0.0,0.0,4.703,4.674
-145.230783,-1104.804521,0.0,0.0,4.701,4.687
-140.873098,-1102.350854,0.0,0.0,4.7,4.699
-136.514769,-1099.898705,0.0,0.0,4.698,4.711
-132.156798,-1097.446416,0.0,0.0,4.697,4.724
-127.800019,-1094.992586,0.0,0.0,4.695,4.736
-123.445262,-1092.535812,0.0,0.0,4.694,4.748
-119.093361,-1090.07469,0.0,0.0,4.693,4.761
-114.745148,-1087.607817,0.0,0.0,4.691,4.773
-110.401455,-1085.133791,0.0,0.0,4.69,4.785
-106.063114,-1082.651209,0.0,0.0,4.688,4.798
-101.730958,-1080.158668,0.0,0.0,4.701,4.821
-97.405819,-1077.654765,0.0,0.0,4.73,4.857
-93.088528,-1075.138097,0.0,0.0,4.759,4.894
-88.779128,-1072.608557,0.0,0.0,4.788,4.93
-84.475308,-1070.069891,0.0,0.0,4.817,4.967
-80.174319,-1067.526564,0.0,0.0,4.846,5.003
-75.873412,-1064.983039,0.0,0.0,4.876,5.04
-71.569841,-1062.443779,0.0,0.0,4.905,5.076
-67.260855,-1059.91325,0.0,0.0,4.934,5.113
-62.943707,-1057.395913,0.0,0.0,4.963,5.149
-58.615648,-1054.896234,0.0,0.0,4.992,5.186
-54.273929,-1052.418675,0.0,0.0,5.021,5.222
-49.915803,-1049.967701,0.0,0.0,5.051,5.259
-45.538565,-1047.547704,0.0,0.0,5.08,5.296
-41.14296,-1045.157583,0.0,0.0,5.054,5.248
-36.7356,-1042.786884,0.0,0.0,5.0,5.155
-32.323666,-1040.424247,0.0,0.0,4.945,5.063
-27.914341,-1038.05831,0.0,0.0,4.891,4.97
-23.514806,-1035.677712,0.0,0.0,4.836,4.878
-19.132246,-1033.271092,0.0,0.0,4.781,4.785
-14.77384,-1030.827089,0.0,0.0,4.727,4.693
-10.446772,-1028.334341,0.0,0.0,4.74,4.601
-6.158224,-1025.781487,0.0,0.0,4.84,4.509
-1.915377,-1023.157166,0.0,0.0,4.94,4.417
2.274741,-1020.450321,0.0,0.0,5.04,4.326
6.408718,-1017.656918,0.0,0.0,4.952,4.47
10.486762,-1014.779968,0.0,0.0,4.828,4.661
14.50924,-1011.82279,0.0,0.0,4.704,4.852
18.476518,-1008.788702,0.0,0.0,4.686,4.909
22.388963,-1005.681023,0.0,0.0,4.843,4.748
26.246943,-1002.503071,0.0,0.0,5.0,4.587
30.050824,-999.258166,0.0,0.0,5.015,4.559
33.800973,-995.949625,0.0,0.0,4.935,4.619
37.497757,-992.580767,0.0,0.0,4.855,4.678
41.141542,-989.15491,0.0,0.0,4.804,4.722
44.7326,-985.675193,0.0,0.0,4.834,4.721
48.270223,-982.142887,0.0,0.0,4.864,4.72
51.753126,-978.558161,0.0,0.0,4.894,4.719
55.180015,-974.921171,0.0,0.0,4.924,4.717
58.549596,-971.232073,0.0,0.0,4.926,4.698
61.860577,-967.491023,0.0,0.0,4.919,4.673
65.111663,-963.698176,0.0,0.0,4.912,4.648
68.301561,-959.85369,0.0,0.0,4.905,4.623
71.428978,-955.957719,0.0,0.0,4.898,4.597
74.49262,-952.010419,0.0,0.0,4.876,4.553
77.491195,-948.011946,0.0,0.0,4.85,4.505
80.423263,-943.962412,0.0,0.0,4.825,4.457
83.284073,-939.860918,0.0,0.0,4.735,4.525
86.065561,-935.70555,0.0,0.0,4.624,4.631
88.759518,-931.494356,0.0,0.0,4.521,4.731
91.357738,-927.225379,0.0,0.0,4.571,4.721
93.852012,-922.896664,0.0,0.0,4.622,4.71
96.236839,-918.507571,0.0,0.0,4.75,4.674
98.521333,-914.064547,0.0,0.0,4.932,4.62
100.719515,-909.576423,0.0,0.0,5.115,4.565
102.845411,-905.052031,0.0,0.0,5.064,4.567
104.913049,-900.500204,0.0,0.0,4.98,4.578
106.935901,-895.929362,0.0,0.0,4.895,4.589
108.921763,-891.343687,0.0,0.0,4.81,4.6
110.875087,-886.744868,0.0,0.0,4.726,4.61
112.800285,-882.134561,0.0,0.0,4.641,4.621
114.701767,-877.514424,0.0,0.0,4.62,4.628
116.583944,-872.886113,0.0,0.0,4.622,4.634
118.451226,-868.251286,0.0,0.0,4.624,4.641
120.308025,-863.611598,0.0,0.0,4.626,4.647
122.158751,-858.968706,0.0,0.0,4.628,4.653
124.007815,-854.324269,0.0,0.0,4.631,4.659
125.859627,-849.679942,0.0,0.0,4.633,4.665
127.718469,-845.037341,0.0,0.0,4.635,4.671
129.58564,-840.397148,0.0,0.0,4.637,4.677
131.459474,-835.759111,0.0,0.0,4.639,4.684
133.338171,-831.12294,0.0,0.0,4.641,4.69
135.219936,-826.488342,0.0,0.0,4.643,4.696
137.102971,-821.855028,0.0,0.0,4.645,4.702
138.985479,-817.222706,0.0,0.0,4.647,4.708
140.865662,-812.591084,0.0,0.0,4.65,4.714
142.741724,-807.959872,0.0,0.0,4.652,4.72
144.611867,-803.328777,0.0,0.0,4.654,4.727
146.474293,-798.69751,0.0,0.0,4.654,4.729
148.327739,-794.065789,0.0,0.0,4.652,4.726
150.1764,-789.433447,0.0,0.0,4.65,4.722
152.027689,-784.800379,0.0,0.0,4.648,4.719
153.889056,-780.166483,0.0,0.0,4.645,4.715
155.767955,-775.531658,0.0,0.0,4.643,4.712
157.671827,-770.8958,0.0,0.0,4.641,4.709
159.597631,-766.257308,0.0,0.0,4.639,4.705
161.511281,-761.61015,0.0,0.0,4.636,4.702
163.372975,-756.947477,0.0,0.0,4.636,4.688
165.142911,-752.262441,0.0,0.0,4.645,4.62
166.781287,-747.548194,0.0,0.0,4.646,4.56
168.249368,-742.798006,0.0,0.0,4.623,4.527
169.532778,-738.007896,0.0,0.0,4.6,4.493
170.641397,-733.176615,0.0,0.0,4.676,4.411
171.586151,-728.303034,0.0,0.0,4.827,4.292
172.37797,-723.386022,0.0,0.0,4.85,4.306
173.027779,-718.424449,0.0,0.0,4.719,4.478
173.542332,-713.419571,0.0,0.0,4.611,4.595
173.905941,-708.385462,0.0,0.0,4.546,4.607
174.095405,-703.340491,0.0,0.0,4.506,4.642
174.087521,-698.303029,0.0,0.0,4.521,4.721
173.859083,-693.291445,0.0,0.0,4.541,4.723
173.389458,-688.322848,0.0,0.0,4.563,4.68
172.684336,-683.401439,0.0,0.0,4.618,4.608
171.76483,-678.523851,0.0,0.0,4.703,4.512
170.652249,-673.686623,0.0,0.0,4.787,4.415
169.3679,-668.886294,0.0,0.0,4.868,4.398
167.933093,-664.119403,0.0,0.0,4.949,4.381
166.369136,-659.382489,0.0,0.0,5.011,4.372
164.697338,-654.67209,0.0,0.0,4.939,4.423
162.939007,-649.984745,0.0,0.0,4.867,4.474
161.115452,-645.316992,0.0,0.0,4.795,4.526
159.247983,-640.665371,0.0,0.0,4.762,4.552
157.355564,-636.026681,0.0,0.0,4.755,4.564
155.444629,-631.399119,0.0,0.0,4.748,4.575
153.517432,-626.781348,0.0,0.0,4.741,4.586
151.576226,-622.172031,0.0,0.0,4.734,4.597
149.623265,-617.56983,0.0,0.0,4.727,4.608
147.6608,-612.973408,0.0,0.0,4.72,4.619
145.691083,-608.381428,0.0,0.0,4.713,4.631
143.716369,-603.792554,0.0,0.0,4.706,4.642
141.738909,-599.205447,0.0,0.0,4.699,4.653
139.760955,-594.61877,0.0,0.0,4.692,4.664
137.784761,-590.031188,0.0,0.0,4.685,4.675
135.81201,-585.441693,0.0,0.0,4.678,4.686
133.842717,-580.850252,0.0,0.0,4.671,4.698
131.876591,-576.257008,0.0,0.0,4.664,4.709
129.913342,-571.662105,0.0,0.0,4.657,4.72
127.952678,-567.065688,0.0,0.0,4.65,4.731
125.994309,-562.4679,0.0,0.0,4.643,4.742
124.037944,-557.868885,0.0,0.0,4.636,4.753
122.083292,-553.268787,0.0,0.0,4.629,4.765
120.130063,-548.66775,0.0,0.0,4.622,4.776
118.177965,-544.065918,0.0,0.0,4.615,4.787
116.226708,-539.463434,0.0,0.0,4.608,4.798
114.276001,-534.860443,0.0,0.0,4.601,4.809
112.325553,-530.257089,0.0,0.0,4.594,4.82
110.375074,-525.653515,0.0,0.0,4.587,4.832
108.424272,-521.049865,0.0,0.0,4.58,4.843
106.472857,-516.446284,0.0,0.0,4.573,4.854
104.520538,-511.842915,0.0,0.0,4.566,4.865
102.567024,-507.239901,0.0,0.0,4.559,4.876
100.612025,-502.637388,0.0,0.0,4.552,4.887
98.655249,-498.035519,0.0,0.0,4.545,4.898
96.696405,-493.434437,0.0,0.0,4.538,4.91
94.735205,-488.834286,0.0,0.0,4.531,4.921
92.772886,-484.234651,0.0,0.0,4.524,4.932
90.815175,-479.633474,0.0,0.0,4.517,4.943
88.868619,-475.028395,0.0,0.0,4.51,4.954
86.939765,-470.417056,0.0,0.0,4.503,4.965
85.035162,-465.797097,0.0,0.0,4.496,4.977
83.161357,-461.166161,0.0,0.0,4.489,4.988
81.324898,-456.521888,0.0,0.0,4.51,5.004
79.532331,-451.86192,0.0,0.0,4.584,5.032
77.790206,-447.183897,0.0,0.0,4.658,5.059
76.105068,-442.485461,0.0,0.0,4.732,5.087
74.483466,-437.764254,0.0,0.0,4.806,5.114
72.930832,-433.018421,0.0,0.0,4.883,5.142
71.446632,-428.248814,0.0,0.0,5.025,5.18
70.028346,-423.457182,0.0,0.0,5.167,5.218
68.673456,-418.645277,0.0,0.0,5.309,5.255
67.37944,-413.814848,0.0,0.0,5.451,5.293
66.143779,-408.967648,0.0,0.0,5.582,5.333
64.963952,-404.105426,0.0,0.0,5.537,5.411
63.837438,-399.229933,0.0,0.0,5.493,5.488
62.761718,-394.34292,0.0,0.0,5.448,5.566
61.734271,-389.446139,0.0,0.0,5.391,5.613
60.752578,-384.541338,0.0,0.0,5.332,5.657
59.814135,-379.629958,0.0,0.0,5.273,5.701
58.916493,-374.712523,0.0,0.0,5.26,5.708
58.057212,-369.78939,0.0,0.0,5.29,5.679
57.233853,-364.860917,0.0,0.0,5.321,5.65
56.443974,-359.927462,0.0,0.0,5.351,5.622
55.685137,-354.989382,0.0,0.0,5.379,5.594
54.954901,-350.047035,0.0,0.0,5.386,5.573
54.250827,-345.100777,0.0,0.0,5.393,5.552
53.570473,-340.150968,0.0,0.0,5.4,5.532
52.911401,-335.197964,0.0,0.0,5.408,5.511
52.27117,-330.242123,0.0,0.0,5.415,5.491
51.64734,-325.283802,0.0,0.0,5.422,5.47
51.037471,-320.32336,0.0,0.0,5.429,5.449
50.439124,-315.361153,0.0,0.0,5.436,5.429
49.849858,-310.397539,0.0,0.0,5.442,5.411
49.267233,-305.432875,0.0,0.0,5.442,5.409
48.688809,-300.467521,0.0,0.0,5.441,5.406
48.112147,-295.501831,0.0,0.0,5.441,5.404
47.534806,-290.536166,0.0,0.0,5.44,5.401
46.954346,-285.570881,0.0,0.0,5.44,5.399
46.368328,-280.606335,0.0,0.0,5.439,5.396
45.774312,-275.642884,0.0,0.0,5.439,5.394
45.170829,-270.680741,0.0,0.0,5.438,5.391
44.55926,-265.719687,0.0,0.0,5.438,5.389
43.941503,-260.759427,0.0,0.0,5.437,5.387
43.319459,-255.799663,0.0,0.0,5.437,5.384
42.695027,-250.840101,0.0,0.0,5.435,5.384
42.070105,-245.880444,0.0,0.0,5.427,5.393
41.446595,-240.920396,0.0,0.0,5.42,5.402
40.826395,-235.95966,0.0,0.0,5.412,5.41
40.211404,-230.997941,0.0,0.0,5.405,5.419
39.603523,-226.034943,0.0,0.0,5.397,5.428
39.004605,-221.07038,0.0,0.0,5.39,5.437
38.413117,-216.104724,0.0,0.0,5.382,5.445
37.82185,-211.139719,0.0,0.0,5.375,5.454
37.223055,-206.177231,0.0,0.0,5.367,5.463
36.608979,-201.219124,0.0,0.0,5.36,5.472
35.971874,-196.267263,0.0,0.0,5.345,5.42
35.328668,-191.321865,0.0,0.0,5.327,5.341
34.947192,-186.366385,0.0,0.0,5.282,5.294
35.241552,-181.374509,0.0,0.0,5.061,5.455
36.586802,-176.428414,0.0,0.0,5.253,5.278
39.141051,-172.186719,0.0,0.0,5.194,5.608
42.974042,-169.462864,0.0,0.0,5.313,5.515
47.803887,-168.318271,0.0,0.0,5.37,5.686
53.013998,-168.098349,0.0,0.0,5.664,5.612
58.032417,-168.174696,0.0,0.0,5.541,5.639
62.836903,-168.4374,0.0,0.0,5.406,5.621
67.708812,-169.0629,0.0,0.0,5.23,5.446
72.840365,-170.080726,0.0,0.0,5.055,5.271
77.961176,-170.769234,0.0,0.0,5.06,5.082
82.65647,-170.172579,0.0,0.0,5.515,4.866
86.644644,-167.734895,0.0,0.0,5.654,5.019
90.011156,-164.002595,0.0,0.0,5.266,5.512
92.895436,-159.704226,0.0,0.0,5.318,5.434
94.910961,-155.200845,0.0,0.0,5.61,5.351
95.012988,-150.354115,0.0,0.0,5.671,5.364
93.521937,-145.605513,0.0,0.0,5.813,5.392
91.176812,-141.238612,0.0,0.0,5.619,5.679
88.395565,-137.076782,0.0,0.0,5.865,6.07
85.555865,-132.939998,0.0,0.0,6.097,6.386
82.779697,-128.770488,0.0,0.0,6.115,6.401
80.053264,-124.575402,0.0,0.0,6.134,6.416
77.361516,-120.362491,0.0,0.0,6.153,6.431
74.689407,-116.139504,0.0,0.0,6.171,6.445
72.022284,-111.913985,0.0,0.0,6.19,6.46
69.353161,-107.689526,0.0,0.0,6.208,6.475
66.681979,-103.46615,0.0,0.0,6.227,6.49
64.008924,-99.243748,0.0,0.0,6.245,6.504
61.334186,-95.022214,0.0,0.0,6.264,6.519
58.657953,-90.801441,0.0,0.0,6.283,6.534
55.980413,-86.581322,0.0,0.0,6.301,6.549
53.301754,-82.361748,0.0,0.0,6.32,6.563
50.622166,-78.142614,0.0,0.0,6.338,6.578
47.941836,-73.923812,0.0,0.0,6.357,6.593
45.260953,-69.705235,0.0,0.0,6.375,6.608
42.579704,-65.486776,0.0,0.0,6.394,6.622
39.89828,-61.268327,0.0,0.0,6.413,6.637
37.216867,-57.049782,0.0,0.0,6.431,6.652
34.535654,-52.831034,0.0,0.0,6.45,6.667
31.85483,-48.611975,0.0,0.0,6.468,6.681
29.174583,-44.392498,0.0,0.0,6.487,6.696
26.495101,-40.172496,0.0,0.0,6.506,6.711
23.816573,-35.951862,0.0,0.0,6.524,6.726
21.139188,-31.730489,0.0,0.0,6.543,6.74
18.463132,-27.508269,0.0,0.0,6.561,6.755
15.788596,-23.285096,0.0,0.0,6.58,6.77
13.11576,-19.060866,0.0,0.0,6.598,6.785
10.444678,-14.835551,0.0,0.0,6.617,6.799
7.775288,-10.609189,0.0,0.0,6.636,6.814
5.107525,-6.381822,0.0,0.0,6.654,6.829
2.441321,-2.15349,0.0,0.0,6.673,6.844
-0.223388,2.075766,0.0,0.0,6.687,6.853
